group,rank,word,relative_frequency
false_positive,1,good,1.000000
false_positive,2,time,0.812500
false_positive,3,story,0.658333
false_positive,4,well,0.591667
false_positive,5,great,0.529167
false_positive,6,first,0.508333
false_positive,7,way,0.504167
false_positive,8,bad,0.495833
false_positive,9,movies,0.479167
false_positive,10,two,0.454167
false_positive,11,will,0.450000
false_positive,12,scene,0.450000
false_positive,13,thing,0.437500
false_positive,14,year,0.433333
false_positive,15,films,0.429167
false_positive,16,s,0.404167
false_positive,17,still,0.400000
false_positive,18,think,0.395833
false_positive,19,best,0.391667
false_positive,20,show,0.387500
false_positive,21,many,0.387500
false_positive,22,plot,0.379167
false_positive,23,people,0.379167
false_positive,24,say,0.370833
false_positive,25,love,0.370833
false_positive,26,acting,0.358333
false_positive,27,lot,0.358333
false_positive,28,part,0.354167
false_positive,29,man,0.350000
false_positive,30,life,0.345833
false_negative,1,good,1.000000
false_negative,2,time,0.902985
false_negative,3,show,0.809701
false_negative,4,first,0.712687
false_negative,5,people,0.690299
false_negative,6,bad,0.652985
false_negative,7,story,0.645522
false_negative,8,scene,0.645522
false_negative,9,well,0.638060
false_negative,10,know,0.574627
false_negative,11,great,0.563433
false_negative,12,thing,0.559701
false_negative,13,way,0.552239
false_negative,14,will,0.537313
false_negative,15,s,0.533582
false_negative,16,movies,0.511194
false_negative,17,year,0.500000
false_negative,18,two,0.488806
false_negative,19,think,0.481343
false_negative,20,say,0.477612
false_negative,21,look,0.451493
false_negative,22,plot,0.451493
false_negative,23,films,0.436567
false_negative,24,little,0.414179
false_negative,25,take,0.410448
false_negative,26,seem,0.410448
false_negative,27,come,0.402985
false_negative,28,life,0.402985
false_negative,29,guy,0.399254
false_negative,30,want,0.395522
