loss,grad_norm,learning_rate,epoch,step,eval_loss,eval_runtime,eval_samples_per_second,eval_steps_per_second,train_runtime,train_samples_per_second,train_steps_per_second,total_flos,train_loss
0.12469409942626954,2.618393659591675,9.998320383246272e-05,0.04,25,,,,,,,,,
0.060189766883850096,1.0206719636917114,9.939652198703784e-05,0.08,50,,,,,,,,,
0.06527179718017578,1.0361624956130981,9.798128218350662e-05,0.12,75,,,,,,,,,
0.06177366256713867,0.5531322956085205,9.576122310132815e-05,0.16,100,,,,,,,,,
0.06110811710357666,0.26764729619026184,9.27735831440582e-05,0.2,125,,,,,,,,,
0.054579644203186034,0.3249088227748871,8.90684758169189e-05,0.24,150,,,,,,,,,
0.0603468656539917,0.758700430393219,8.470804914244404e-05,0.28,175,,,,,,,,,
0.05694153785705566,0.3475406765937805,7.97654432138333e-05,0.32,200,,,,,,,,,
0.06405305385589599,0.7616748213768005,7.432356337160867e-05,0.36,225,,,,,,,,,
0.04898252964019775,0.5408256649971008,6.847368958182759e-05,0.4,250,,,,,,,,,
0.06399706363677979,0.6732147336006165,6.231394534160008e-05,0.44,275,,,,,,,,,
0.0522694730758667,0.369108110666275,5.5947651793890025e-05,0.48,300,,,,,,,,,
0.04466930866241455,0.5815137624740601,4.9481594659035775e-05,0.52,325,,,,,,,,,
0.04787503719329834,0.7755521535873413,4.3024233052803855e-05,0.56,350,,,,,,,,,
0.05535229682922363,0.43240487575531006,3.668388023556138e-05,0.6,375,,,,,,,,,
0.052444653511047365,0.6730977892875671,3.056688680797024e-05,0.64,400,,,,,,,,,
0.042998557090759275,0.7338972687721252,2.4775856827568016e-05,0.68,425,,,,,,,,,
0.051738014221191404,0.364606112241745,1.9407926768399452e-05,0.72,450,,,,,,,,,
0.04430311679840088,0.4359627068042755,1.4553136191756917e-05,0.76,475,,,,,,,,,
0.04688186168670654,0.4990355670452118,1.0292917457762325e-05,0.8,500,,,,,,,,,
0.04205996036529541,0.9859409928321838,6.698729810778065e-06,0.84,525,,,,,,,,,
0.04779996871948242,0.2546217441558838,3.830860749964876e-06,0.88,550,,,,,,,,,
0.05770254611968994,0.9405902624130249,1.7374147903282178e-06,0.92,575,,,,,,,,,
0.04384826183319092,0.3690413534641266,4.535065763804802e-07,0.96,600,,,,,,,,,
0.050199642181396484,0.27808666229248047,6.718828149343548e-10,1.0,625,,,,,,,,,
,,,1.0,625,0.0493096224963665,960.616,5.205,0.651,,,,,
,,,1.0,625,,,,,12708.0028,1.574,0.049,1.5494810639007744e+16,0.05608323345184326
,,,1.0,625,0.0493096187710762,959.7821,5.21,0.651,,,,,
